Accuracy,F1_Macro,ROC_AUC,Log_Loss
0.9667170953101362,0.4316190803806903,0.8186701912364668,0.11771711072362223
