Algorithm,Silhouette,DB-Index,CH-Score,Interpretable,Handles Noise
K-Means (k=3),0.14458483158955665,1.9839055542075774,1143.924500252551,Yes,No
Hierarchical (k=3),0.10971049725936487,2.3224254858571554,893.0964712984216,Yes,No
DBSCAN (best),0.06880837562099652,-,-,No,Yes
