Split,Train N,Test N,Accuracy,F1_Macro
70/30,4624,1983,0.9707513867876955,0.4975239897611335
80/20,5285,1322,0.9712556732223904,0.5251394974347452
85/15,5615,992,0.969758064516129,0.49066957339966644
StratKFold-5,-,-,,0.46060026291236705
StratKFold-10,-,-,,0.45398464505864167
